gene	SNP	ea	oa	bx	bxse	by	byse	flip	o_pval
PCSK9	rs111291700	G	A	0.0171622268154163	0.00291655467776136	0.00897776	0.0089137332	0	0.3138
PCSK9	rs11591147	T	G	-0.317577051962833	0.00655380881460428	-0.25133779	0.022652937	0	1.324e-28
PCSK9	rs140990454	A	T	0.0373014880560585	0.00656124260815414	0.03584601	0.026250239	0	0.1721
PCSK9	rs17109407	G	C	-0.0250691	0.00427394	-0.01077081	0.010027452	0	0.2828
PCSK9	rs2433673	G	C	0.0141130617017556	0.00206820640762327	0.00786391	0.0061451451	0	0.2007
PCSK9	rs2479393	G	A	-0.0263648453569877	0.00192863286270359	-0.03028662	0.0055432676	0	4.664e-08
PCSK9	rs41294821	T	C	-0.0342602736415666	0.00626181309362518	-0.04291662	0.017660359	0	0.01509
PCSK9	rs505151	A	G	-0.0676041885177084	0.00417083300180879	-0.04767585	0.012507678	0	0.000138
PCSK9	rs602705	G	T	0.023941824012382	0.00221458167742472	0.02412519	0.0065569647	0	0.0002339
PCSK9	rs693668	A	G	0.0436079882949557	0.00174741674769471	0.03700621	0.0051970937	0	1.075e-12
PCSK9	rs7519853	T	C	0.00984298690670869	0.00170346128759141	0.00413577	0.0049450599	0	0.403
HMGCR	rs10070119	T	C	0.0552037623034093	0.00169519659513752	0.02057524	0.0050123947	0	4.045e-05
HMGCR	rs111275074	TC	T	0.0507492887580965	0.00257482159826193	0.02839009	0.0084230042	0	0.0007502
HMGCR	rs12916	C	T	0.0582751190931035	0.00169085469291519	0.02842029	0.0049988045	0	1.305e-08
HMGCR	rs139482876	GTTTTC	G	0.0248036046183296	0.00301985474919116	-0.00139107	0.0096934467	0	0.8859
HMGCR	rs149619412	A	G	0.0479863789260351	0.0081068003614239	0.0845338	0.057488004	0	0.1414
HMGCR	rs192436363	T	G	0.0437071837357648	0.00744976927681062	0.05594543	0.032722096	0	0.08732
HMGCR	rs200946266	C	CATAT	0.0247050495775124	0.00302800649183745	-0.00824083	0.012866412	0	0.5219
HMGCR	rs28680436	C	G	0.0485411554938792	0.00736682947758253	-0.00614241	0.021401756	0	0.7741
HMGCR	rs374603280	C	CTTTT	0.055190269764787	0.00245929289663988	0.02513783	0.009887954	0	0.01101
HMGCR	rs73763102	C	T	0.0246990656790023	0.00301661723670984	0.00207582	0.00888502	0	0.8153
NPC1L1	rs10260606	C	G	0.0355460845119295	0.00204578616997875	0.02749987	0.0062393529	0	1.046e-05
NPC1L1	rs17725246	C	T	0.035731570219748	0.00204595024086435	0.02803201	0.0062206262	0	6.597e-06
NPC1L1	rs217384	G	T	-0.0097638894616639	0.0016843147585731	-0.01656632	0.0050175076	0	0.000961
NPC1L1	rs217419	T	C	0.0119020958783972	0.00195718349245193	0.01596803	0.005946737	0	0.007249
NPC1L1	rs369719	A	G	-0.0134964194942218	0.00167521822087932	-0.01586227	0.0050303951	0	0.001614
LDLR	rs10423399	G	T	-0.0143071551569605	0.00195613183765979	-0.01663289	0.0054870876	0	0.002435
LDLR	rs10423733	C	T	-0.0939035711414629	0.00231357348191913	-0.0637738	0.0070105437	0	9.3e-20
LDLR	rs112215927	G	T	-0.0717904	0.0056712	0.00934844	0.015151781	0	0.5372
LDLR	rs112550373	A	G	0.0447660028803825	0.00746160470114698	0.03774085	0.023340233	0	0.1059
LDLR	rs114605659	A	G	0.0453546572189609	0.0077169153962903	-0.00195301	0.023016397	0	0.9324
LDLR	rs11668554	G	A	0.0120274513102453	0.00191241389570519	-0.00591247	0.0063315441	0	0.3504
LDLR	rs117798326	C	T	0.0446797019267544	0.0069759494540265	0.00222351	0.026721829	0	0.9337
LDLR	rs12981085	C	T	0.0186989385105616	0.00183303250094398	0.00174986	0.0069464183	0	0.8011
LDLR	rs140512702	T	C	-0.0385478374308441	0.00545373607759341	-0.01499736	0.015988371	0	0.3482
LDLR	rs140565837	A	G	-0.0539066517097267	0.00823977321460452	0.00038309	0.03238927	0	0.9906
LDLR	rs141257950	CA	C	-0.0162626906342127	0.00197139307079291	-0.00481819	0.0081385148	0	0.5538
LDLR	rs145329186	CTTTA	C	-0.156206236592696	0.00278891228253886	-0.11664668	0.0091046683	0	1.409e-37
LDLR	rs148079581	C	A	0.059237813003236	0.00771819937486329	0.06331358	0.036603235	0	0.08368
LDLR	rs148723707	T	C	0.0188620426578246	0.00183248401074961	-0.00026314	0.0059777539	0	0.9649
LDLR	rs149479444	T	C	0.0655067252703296	0.0080683328692676	0.02857935	0.027459932	0	0.298
LDLR	rs17248748	T	C	-0.0722589612946816	0.0057589359909658	-0.07381831	0.022088254	0	0.0008319
LDLR	rs1869772	G	C	-0.0198907550596569	0.00220109527820909	-0.00072954	0.0065000749	0	0.9106
LDLR	rs201579954	T	TA	-0.15665273906386	0.0027983330885219	-0.12225228	0.013379973	0	6.423e-20
LDLR	rs2738447	C	A	0.0390389269795853	0.00174044392389859	0.03192767	0.0050083888	0	1.832e-10
LDLR	rs28493980	G	C	0.0350073	0.00444105	0.04009336	0.011091226	0	0.0003005
LDLR	rs36049922	C	T	0.0287064411488963	0.00434956509786425	0.00176729	0.015159602	0	0.9072
LDLR	rs3786721	C	T	-0.028960734938591	0.00172440708214127	-0.02605742	0.0051428778	0	4.048e-07
LDLR	rs535824581	T	A	-0.15155626777668	0.00720042824753184	-0.02396314	0.028118254	0	0.3941
LDLR	rs55997232	T	C	-0.156078354889236	0.00278959762520278	-0.11445665	0.0081921433	0	2.326e-44
LDLR	rs56194888	T	C	-0.0119158688780011	0.00193193907328252	0.00196955	0.0055880819	0	0.7245
LDLR	rs57217136	C	T	-0.156107900932828	0.00278069447660321	-0.11429742	0.0087672594	0	7.552e-39
LDLR	rs7250652	G	A	0.0144403558769851	0.00172612208121958	0.01796254	0.0049562359	0	0.0002898
LDLR	rs7260306	T	G	-0.0457161068786403	0.00174668843499789	-0.03746478	0.0050838782	0	1.715e-13
LDLR	rs73013139	T	C	-0.0867701495237756	0.00820954337733548	-0.04991968	0.027672887	0	0.07124
LDLR	rs78492533	G	T	0.0188974318526101	0.00183351836471545	9.301e-05	0.0057881733	0	0.9872
LDLR	rs8104480	G	A	-0.034157260063398	0.00181998122684262	-0.03269581	0.0051971198	0	3.151e-10
LDLR	rs8109075	T	C	-0.0110115548833016	0.00191738617719423	-0.00127535	0.0058557056	0	0.8276
LDLR	rs8182463	C	G	-0.0207170607376757	0.00174654459662222	-0.02231213	0.0049995779	0	8.089e-06
