gene	ensg	dataset	study_id	study	tissue	quant	n	n_cs	max_pip	n_mtid	best_mtid
ABCA1	ENSG00000165029	QTD000357	QTS000015	GTEx	blood	exon	670	20	0.7758	1	ENSG00000165029.17_9_104861438_104861678
ABCA1	ENSG00000165029	QTD000607	QTS000038	OneK1K	memory B cell	ge	981	18	0.0999	1	ENSG00000165029
ABCA1	ENSG00000165029	QTD000320	QTS000015	GTEx	skin	leafcutter	602	20	0.682	1	9:104858698:104861679:clu_24086_-
ABCA1	ENSG00000165029	QTD000080	QTS000009	Fairfax_2012	B cell	microarray	281	14	0.095	1	ILMN_1766054
ABCA1	ENSG00000165029	QTD000118	QTS000015	GTEx	adipose	tx	581	11	0.9966	2	ENST00000374733
ABCA1	ENSG00000165029	QTD000319	QTS000015	GTEx	skin	txrev	602	1	0.9504	1	ENSG00000165029.grp_2.downstream.ENST00000374733
ABCG5	ENSG00000138075	QTD000326	QTS000015	GTEx	spleen	ge	227	17	0.2445	1	ENSG00000138075
ABCG8	ENSG00000143921	QTD000535	QTS000029	TwinsUK	adipose	exon	381	12	0.4968	2	ENSG00000143921.9_2_43872223_43872306
ABCG8	ENSG00000143921	QTD000534	QTS000029	TwinsUK	adipose	ge	381	11	0.2774	1	ENSG00000143921
APOA5	ENSG00000110243	QTD000584	QTS000035	Sun_2018	plasma	aptamer	3301	1	0.9847	1	APOA5.11318.20.3..1
APOB	ENSG00000084674	QTD000317	QTS000015	GTEx	skin	exon	602	2	0.7418	1	ENSG00000084674.15_2_21024933_21024964
APOB	ENSG00000084674	QTD000316	QTS000015	GTEx	skin	ge	602	4	0.5116	1	ENSG00000084674
APOB	ENSG00000084674	QTD000319	QTS000015	GTEx	skin	txrev	602	4	0.3281	1	ENSG00000084674.grp_1.downstream.ENST00000233242
APOE	ENSG00000130203	QTD000584	QTS000035	Sun_2018	plasma	aptamer	3301	25	0.535	2	APOE.5312.49.3..1
APOE	ENSG00000130203	QTD000316	QTS000015	GTEx	skin	ge	602	3	0.7627	1	ENSG00000130203
APOE	ENSG00000130203	QTD000438	QTS000025	ROSMAP	brain (DLPFC)	leafcutter	560	1	0.996	1	19:44905923:44906602:clu_15079_-
APOE	ENSG00000130203	QTD000082	QTS000010	Fairfax_2014	monocyte	microarray	370	68	0.3733	1	ILMN_1740938
APOE	ENSG00000130203	QTD000436	QTS000025	ROSMAP	brain (DLPFC)	tx	560	7	0.6987	1	ENST00000434152
APOE	ENSG00000130203	QTD000344	QTS000015	GTEx	thyroid	txrev	574	1	0.9894	1	ENSG00000130203.grp_2.upstream.ENST00000434152
CETP	ENSG00000087237	QTD000342	QTS000015	GTEx	thyroid	exon	574	6	0.4514	1	ENSG00000087237.12_16_56962107_56962296
CETP	ENSG00000087237	QTD000271	QTS000015	GTEx	lung	ge	510	10	0.2466	1	ENSG00000087237
CETP	ENSG00000087237	QTD000345	QTS000015	GTEx	thyroid	leafcutter	574	1	0.9592	1	16:56972083:56975101:clu_26021_+
CETP	ENSG00000087237	QTD000081	QTS000010	Fairfax_2014	monocyte	microarray	420	13	0.8456	2	ILMN_1681882
CETP	ENSG00000087237	QTD000343	QTS000015	GTEx	thyroid	tx	574	12	0.9886	2	ENST00000379780
CETP	ENSG00000087237	QTD000344	QTS000015	GTEx	thyroid	txrev	574	3	0.9994	2	ENSG00000087237.grp_1.contained.ENST00000379780
HMGCR	ENSG00000113161	QTD000317	QTS000015	GTEx	skin	exon	602	3	0.8558	1	ENSG00000113161.17_5_75355215_75355364
HMGCR	ENSG00000113161	QTD000085	QTS000011	FUSION	muscle	ge	288	63	0.0771	1	ENSG00000113161
HMGCR	ENSG00000113161	QTD000245	QTS000015	GTEx	esophagus (mucosa)	leafcutter	493	1	0.9769	1	5:75354697:75355365:clu_37758_+
HMGCR	ENSG00000113161	QTD000318	QTS000015	GTEx	skin	tx	602	2	0.9289	1	ENST00000508070
HMGCR	ENSG00000113161	QTD000319	QTS000015	GTEx	skin	txrev	602	1	0.9956	1	ENSG00000113161.grp_2.contained.ENST00000508070
LDLR	ENSG00000130164	QTD000031	QTS000002	BLUEPRINT	CD4+ T cell	ge	167	2	0.8225	1	ENSG00000130164
LDLR	ENSG00000130164	QTD000365	QTS000016	HipSci	iPSC	leafcutter	322	32	0.1981	1	19:11116212:11120092:clu_14509_-
LDLR	ENSG00000130164	QTD000318	QTS000015	GTEx	skin	tx	602	74	0.0661	2	ENST00000559340
LDLR	ENSG00000130164	QTD000319	QTS000015	GTEx	skin	txrev	602	1	0.9946	1	ENSG00000130164.grp_2.contained.ENST00000560173
LPL	ENSG00000175445	QTD000357	QTS000015	GTEx	blood	exon	670	16	0.778	1	ENSG00000175445.17_8_19948304_19948340
LPL	ENSG00000175445	QTD000356	QTS000015	GTEx	blood	ge	670	36	0.2699	1	ENSG00000175445
LPL	ENSG00000175445	QTD000160	QTS000015	GTEx	brain (caudate)	leafcutter	194	18	0.0879	1	8:19962219:19965310:clu_11475_+
LPL	ENSG00000175445	QTD000081	QTS000010	Fairfax_2014	monocyte	microarray	420	80	0.1968	1	ILMN_1786444
LPL	ENSG00000175445	QTD000243	QTS000015	GTEx	esophagus (mucosa)	tx	493	2	0.94	1	ENST00000650287
LPL	ENSG00000175445	QTD000119	QTS000015	GTEx	adipose	txrev	581	5	0.4848	1	ENSG00000175445.grp_2.contained.ENST00000524029
NPC1L1	ENSG00000015520	QTD000117	QTS000015	GTEx	adipose	exon	581	1	0.9574	1	ENSG00000015520.15_7_44512538_44513649
NPC1L1	ENSG00000015520	QTD000281	QTS000015	GTEx	muscle	ge	702	3	0.3334	1	ENSG00000015520
PCSK9	ENSG00000169174	QTD000287	QTS000015	GTEx	tibial nerve	exon	532	1	0.999	1	ENSG00000169174.11_1_55059486_55059663
PCSK9	ENSG00000169174	QTD000286	QTS000015	GTEx	tibial nerve	ge	532	2	0.7607	1	ENSG00000169174
PCSK9	ENSG00000169174	QTD000124	QTS000015	GTEx	adipose (visceral)	txrev	469	11	0.2438	1	ENSG00000169174.grp_2.downstream.ENST00000673903
