# 1000 Genomes phase 3, GRCh38, split-by-chromosome, rsID-annotated (dbSNP156), KING-corrected.
# Source: cog-genomics.org/plink/2.0/resources (extracted 2026-07). Columns: filename<TAB>url
# pgen.zst = genotypes; _rs.pvar.zst = variant table WITH rsIDs; hg38_corrected.psam = shared sample file.
chr1_hg38.pgen.zst	https://www.dropbox.com/s/w4uextemsj4gkkq/chr1_hg38.pgen.zst?dl=1
chr2_hg38.pgen.zst	https://www.dropbox.com/s/x73g577yna1ajaq/chr2_hg38.pgen.zst?dl=1
chr3_hg38.pgen.zst	https://www.dropbox.com/s/itfwch5ml7jh448/chr3_hg38.pgen.zst?dl=1
chr4_hg38.pgen.zst	https://www.dropbox.com/s/y9tfh7dxb4mr6gz/chr4_hg38.pgen.zst?dl=1
chr5_hg38.pgen.zst	https://www.dropbox.com/s/ej7dxarvvetupx1/chr5_hg38.pgen.zst?dl=1
chr6_hg38.pgen.zst	https://www.dropbox.com/s/z4k3n6t6i3em96n/chr6_hg38.pgen.zst?dl=1
chr7_hg38.pgen.zst	https://www.dropbox.com/s/mwjzn4rjayesebs/chr7_hg38.pgen.zst?dl=1
chr8_hg38.pgen.zst	https://www.dropbox.com/s/74gnwhxpda9jxpm/chr8_hg38.pgen.zst?dl=1
chr9_hg38.pgen.zst	https://www.dropbox.com/s/r70tih37l0hfjhx/chr9_hg38.pgen.zst?dl=1
chr10_hg38.pgen.zst	https://www.dropbox.com/s/fjdlwghtp4xsj91/chr10_hg38.pgen.zst?dl=1
chr11_hg38.pgen.zst	https://www.dropbox.com/s/6us4jt1nkxse5cu/chr11_hg38.pgen.zst?dl=1
chr12_hg38.pgen.zst	https://www.dropbox.com/s/ztmomcla14h27ty/chr12_hg38.pgen.zst?dl=1
chr13_hg38.pgen.zst	https://www.dropbox.com/s/c95ooiutv84c4ue/chr13_hg38.pgen.zst?dl=1
chr14_hg38.pgen.zst	https://www.dropbox.com/s/r4djvti6z8oujv8/chr14_hg38.pgen.zst?dl=1
chr15_hg38.pgen.zst	https://www.dropbox.com/s/m59imoujmevxj6j/chr15_hg38.pgen.zst?dl=1
chr16_hg38.pgen.zst	https://www.dropbox.com/s/y5n59e3u053jcxi/chr16_hg38.pgen.zst?dl=1
chr17_hg38.pgen.zst	https://www.dropbox.com/s/7mv6ll4cl6yt3zg/chr17_hg38.pgen.zst?dl=1
chr18_hg38.pgen.zst	https://www.dropbox.com/s/3l3bh78o27ctgsu/chr18_hg38.pgen.zst?dl=1
chr19_hg38.pgen.zst	https://www.dropbox.com/s/70poz0v2m2vzxym/chr19_hg38.pgen.zst?dl=1
chr20_hg38.pgen.zst	https://www.dropbox.com/s/fxdi6vnfam1bz9c/chr20_hg38.pgen.zst?dl=1
chr21_hg38.pgen.zst	https://www.dropbox.com/s/r6mqzrbvm8hdkif/chr21_hg38.pgen.zst?dl=1
chr22_hg38.pgen.zst	https://www.dropbox.com/s/zwfnqwhabs0kwkb/chr22_hg38.pgen.zst?dl=1
chr1_hg38_rs.pvar.zst	https://www.dropbox.com/scl/fi/he43aix3klg1uc5745ggm/chr1_hg38_rs.pvar.zst?rlkey=pkk1a30bhz7qok9meilan1kii&dl=1
chr2_hg38_rs.pvar.zst	https://www.dropbox.com/scl/fi/qagcb0s2kj7fxem0mk1at/chr2_hg38_rs.pvar.zst?rlkey=qyp9iqkbdge7m5ug12mhbxbm8&dl=1
chr3_hg38_rs.pvar.zst	https://www.dropbox.com/scl/fi/5b0th5qyr0xuv5p9c3vt5/chr3_hg38_rs.pvar.zst?rlkey=6lbwkcg7s4ctm8th01yjb4h7h&dl=1
chr4_hg38_rs.pvar.zst	https://www.dropbox.com/scl/fi/7qa8m4jokm1n1hmzbvaag/chr4_hg38_rs.pvar.zst?rlkey=hkgwd6tlei01qd4l27uxp52z1&dl=1
chr5_hg38_rs.pvar.zst	https://www.dropbox.com/scl/fi/hjcxabfwio255l7fbnz2z/chr5_hg38_rs.pvar.zst?rlkey=x43rez0xddxwepyvlxau82rz3&dl=1
chr6_hg38_rs.pvar.zst	https://www.dropbox.com/scl/fi/q0b6zqi2vh8ni62r21qnv/chr6_hg38_rs.pvar.zst?rlkey=gjfc1zrist2ssgnorwrlngyu1&dl=1
chr7_hg38_rs.pvar.zst	https://www.dropbox.com/scl/fi/5ar9v2bg1ma69am1p25pn/chr7_hg38_rs.pvar.zst?rlkey=7uppwz16nsbpkkc7bombn5y8m&dl=1
chr8_hg38_rs.pvar.zst	https://www.dropbox.com/scl/fi/jkltcllkrlfnvxx1rdoqx/chr8_hg38_rs.pvar.zst?rlkey=j5yremojlifjypfmz1o51brl3&dl=1
chr9_hg38_rs.pvar.zst	https://www.dropbox.com/scl/fi/2gt8obs01jw1xve6vz3pn/chr9_hg38_rs.pvar.zst?rlkey=136wk8k2mxvi3p6gxfmujj9yj&dl=1
chr10_hg38_rs.pvar.zst	https://www.dropbox.com/scl/fi/eh12bss5g5odli39duxqy/chr10_hg38_rs.pvar.zst?rlkey=cviji3pwqzo70hbgzpdn2aofu&dl=1
chr11_hg38_rs.pvar.zst	https://www.dropbox.com/scl/fi/807m50dmyreolasbs1p9z/chr11_hg38_rs.pvar.zst?rlkey=5qq9ggfpd3dr0czqq04agota2&dl=1
chr12_hg38_rs.pvar.zst	https://www.dropbox.com/scl/fi/9e6unntljxf4w41013ysp/chr12_hg38_rs.pvar.zst?rlkey=gnk42pow8gtn9xnm79a01gv37&dl=1
chr13_hg38_rs.pvar.zst	https://www.dropbox.com/scl/fi/8t980c3qxoa0p1o0wbrop/chr13_hg38_rs.pvar.zst?rlkey=098ybkazmvpllznhplz93myep&dl=1
chr14_hg38_rs.pvar.zst	https://www.dropbox.com/scl/fi/yx3q8lighxup3nb76x0cu/chr14_hg38_rs.pvar.zst?rlkey=tpyqvqdh9dwkcdji0g8eqpl03&dl=1
chr15_hg38_rs.pvar.zst	https://www.dropbox.com/scl/fi/jnw0rvmileexz7sy46oac/chr15_hg38_rs.pvar.zst?rlkey=6d9mdo3o9i4g1wmswuf6icpao&dl=1
chr16_hg38_rs.pvar.zst	https://www.dropbox.com/scl/fi/zv41g2xgk2bduia4uv56p/chr16_hg38_rs.pvar.zst?rlkey=u2mtrz6ns0dipzrerok2vc8d3&dl=1
chr17_hg38_rs.pvar.zst	https://www.dropbox.com/scl/fi/hbw8c6jz3c9u7pdojuvzt/chr17_hg38_rs.pvar.zst?rlkey=n9o8y6nrlij9bucf41m7czpae&dl=1
chr18_hg38_rs.pvar.zst	https://www.dropbox.com/scl/fi/nk6syrwn481hji7rxx3jm/chr18_hg38_rs.pvar.zst?rlkey=7w25p4x2qnqkwmk66oepw6onf&dl=1
chr19_hg38_rs.pvar.zst	https://www.dropbox.com/scl/fi/5ds7rbk4r561kvm0vfis0/chr19_hg38_rs.pvar.zst?rlkey=6vlopww2qrcadl34qlgcs1wgr&dl=1
chr20_hg38_rs.pvar.zst	https://www.dropbox.com/scl/fi/e91u05990smei59sfrkdj/chr20_hg38_rs.pvar.zst?rlkey=va1g6hsqtnxvhtlfmvfnkxf31&dl=1
chr21_hg38_rs.pvar.zst	https://www.dropbox.com/scl/fi/fxxo3ve2lhui67ay4hv7x/chr21_hg38_rs.pvar.zst?rlkey=hxreto2bj0k9cglu8sl8pna9l&dl=1
chr22_hg38_rs.pvar.zst	https://www.dropbox.com/scl/fi/7uk1ia90hv3ibzdamwavj/chr22_hg38_rs.pvar.zst?rlkey=5n3aicgmkx3noxstfm9tzop6l&dl=1
hg38_corrected.psam	https://www.dropbox.com/scl/fi/u5udzzaibgyvxzfnjcvjc/hg38_corrected.psam?rlkey=oecjnk4vmbhc8b1p202l0ih4x&dl=1
